Parameter,coniferous,Coniferous,Wetland
REC,0.0001,0.0090,0.0045
AK,9.0000,9.0000,1.4500
RETN,150.0000,63.0000,111.0000
ak2,0.0010,0.00001,0.00001
